{
  "database": "postgres",
  "scale": "large",
  "metrics": {
    "data_loading_time": 145.104963,
    "index_creation_time": 61.564801,
    "database_size_bytes": 3603453631,
    "query_1": {
      "average_latency": 0.023386519560954184,
      "total_time": 2.6342251269998087,
      "tps": 379.61827550363074
    },
    "query_2": {
      "average_latency": 0.0010771795430955535,
      "total_time": 0.14109258399912505,
      "tps": 7087.54472882998
    },
    "query_3": {
      "average_latency": 0.07035852490699109,
      "total_time": 7.560124129002361,
      "tps": 132.27296046155803
    },
    "query_4": {
      "average_latency": 0.02537897976398017,
      "total_time": 2.681395252002403,
      "tps": 372.9401695826915
    },
    "query_5": {
      "average_latency": 0.0006502747559534327,
      "total_time": 0.07506691700109513,
      "tps": 13321.447582367226
    },
    "query_6": {
      "average_latency": 0.0009955943000713888,
      "total_time": 0.11006691700094962,
      "tps": 9085.382122508005
    }
  }
}