{
  "database": "elasticsearch",
  "scale": "medium",
  "metrics": {
    "data_loading_time": 25.171857,
    "index_creation_time": 0.129762,
    "database_size_bytes": 264775908,
    "query_1": {
      "average_latency": 0.010416790114035393,
      "total_time": 1.0706590420013526,
      "tps": 934.0041607744033
    },
    "query_2": {
      "average_latency": 0.006201682870967488,
      "total_time": 0.644184791999578,
      "tps": 1552.3495935008896
    },
    "query_3": {
      "average_latency": 0.007338649683933909,
      "total_time": 0.7634596250027244,
      "tps": 1309.8269603928716
    },
    "query_4": {
      "average_latency": 0.00626176955799383,
      "total_time": 0.6458647079998627,
      "tps": 1548.3118795836303
    },
    "query_5": {
      "average_latency": 0.005783635746953223,
      "total_time": 0.5911622080020607,
      "tps": 1691.5830992980427
    },
    "query_6": {
      "average_latency": 0.011725974340988614,
      "total_time": 1.2137835430003179,
      "tps": 823.8701255811458
    }
  }
}