{
  "database": "postgres",
  "scale": "medium",
  "metrics": {
    "data_loading_time": 13.240979,
    "index_creation_time": 4.726003,
    "database_size_bytes": 386053823,
    "query_1": {
      "average_latency": 0.001450367287023255,
      "total_time": 0.1665719579978031,
      "tps": 6003.411450642784
    },
    "query_2": {
      "average_latency": 0.00038222341499567845,
      "total_time": 0.042611166998540284,
      "tps": 23468.026586417047
    },
    "query_3": {
      "average_latency": 0.004693688193001435,
      "total_time": 0.556882166001742,
      "tps": 1795.712021413291
    },
    "query_4": {
      "average_latency": 0.0013961085400296725,
      "total_time": 0.1637560420022055,
      "tps": 6106.644907712974
    },
    "query_5": {
      "average_latency": 0.0004153067601146176,
      "total_time": 0.04764483400140307,
      "tps": 20988.634360034743
    },
    "query_6": {
      "average_latency": 0.0007104598470650672,
      "total_time": 0.07762245800040546,
      "tps": 12882.869542662209
    }
  }
}