{
  "database": "postgres",
  "scale": "small",
  "metrics": {
    "data_loading_time": 0.183936,
    "index_creation_time": 0.154296,
    "database_size_bytes": 15906495,
    "query_1": {
      "average_latency": 0.0005230937920605356,
      "total_time": 0.05879875000027823,
      "tps": 17007.164267867396
    },
    "query_2": {
      "average_latency": 0.00038133900702450773,
      "total_time": 0.04358983400015859,
      "tps": 22941.1288879045
    },
    "query_3": {
      "average_latency": 0.0004593278839420236,
      "total_time": 0.04981924999810872,
      "tps": 20072.56231352264
    },
    "query_4": {
      "average_latency": 0.000393797012991854,
      "total_time": 0.043421041998954024,
      "tps": 23030.308669793994
    },
    "query_5": {
      "average_latency": 0.00040403726798467687,
      "total_time": 0.04461312499915948,
      "tps": 22414.92834269826
    },
    "query_6": {
      "average_latency": 0.00046991044695823803,
      "total_time": 0.05108329100039555,
      "tps": 19575.87266631386
    }
  }
}